action,archive_path,source_path,bytes,sha256
refresh,code/examples/Chapter 4/Correlation and Tail Risk in CLO Tranches/BLOOMBERG_AIRGAP_PLAYBOOK.md,D:\dev\ECR Capital Management\Book2\repo\examples\Chapter 4\Correlation and Tail Risk in CLO Tranches\BLOOMBERG_AIRGAP_PLAYBOOK.md,3587,15a8c3d6eba3edd2adec26589303c32a095698fb4fcc0ffd89ce96c70aa1af7a
refresh,code/examples/Chapter 4/Correlation and Tail Risk in CLO Tranches/CLO-Bloomberg-Data-Needed.md,D:\dev\ECR Capital Management\Book2\repo\examples\Chapter 4\Correlation and Tail Risk in CLO Tranches\CLO-Bloomberg-Data-Needed.md,13604,a22d3706582b12767a256d84a51ff992a2c7644195290da2a90d70b8df3f00c4
refresh,code/examples/Chapter 4/Correlation and Tail Risk in CLO Tranches/DATA_CARD.md,D:\dev\ECR Capital Management\Book2\repo\examples\Chapter 4\Correlation and Tail Risk in CLO Tranches\DATA_CARD.md,6242,db2bc86b9a7d218c37bb047aefc425666c1b7e69a348368e1c31e08d51d6ff00
refresh,code/examples/Chapter 4/Correlation and Tail Risk in CLO Tranches/live_contract_template/fact_clo_collateral_position.csv,D:\dev\ECR Capital Management\Book2\repo\examples\Chapter 4\Correlation and Tail Risk in CLO Tranches\live_contract_template\fact_clo_collateral_position.csv,206,4181de0587b4e98cfba41144aa93d77f11ea638f1fbadcbe7d438c19a2415cec
refresh,code/examples/Chapter 4/Correlation and Tail Risk in CLO Tranches/live_contract_template/README.md,D:\dev\ECR Capital Management\Book2\repo\examples\Chapter 4\Correlation and Tail Risk in CLO Tranches\live_contract_template\README.md,1636,bebce637052991a040414772a934d33dba5e36c2caed522bcf0db4e44896a051
refresh,code/examples/Chapter 4/Correlation and Tail Risk in CLO Tranches/python/CLO.py,D:\dev\ECR Capital Management\Book2\repo\examples\Chapter 4\Correlation and Tail Risk in CLO Tranches\python\CLO.py,83458,b94273fbff75495d20b44198bf1a0367ad69cb4e1fa57095505e7dd913cb16e3
refresh,code/examples/Chapter 4/Correlation and Tail Risk in CLO Tranches/python/README.md,D:\dev\ECR Capital Management\Book2\repo\examples\Chapter 4\Correlation and Tail Risk in CLO Tranches\python\README.md,3062,a12112e864ec69db736c7476a59826cdf33aeefd6a0d02a59766fc6ba717e14b
refresh,code/examples/Chapter 4/Correlation and Tail Risk in CLO Tranches/python/rendered-sample/clo-collateral-loss-cdf-low-vs-high.png,D:\dev\ECR Capital Management\Book2\repo\examples\Chapter 4\Correlation and Tail Risk in CLO Tranches\python\rendered-sample\clo-collateral-loss-cdf-low-vs-high.png,82514,b52c860ea6fd8e00d003dc5b25d5ff3c129bf5424b53a6f91a45162afad5383b
refresh,code/examples/Chapter 4/Correlation and Tail Risk in CLO Tranches/python/rendered-sample/clo-collateral-loss-cdf-low-vs-high.svg,D:\dev\ECR Capital Management\Book2\repo\examples\Chapter 4\Correlation and Tail Risk in CLO Tranches\python\rendered-sample\clo-collateral-loss-cdf-low-vs-high.svg,92619,b34b6899090089f6e8f48df984afc0e57c906f2d5b76e2a1b021a49352eb0bf6
refresh,code/examples/Chapter 4/Correlation and Tail Risk in CLO Tranches/python/rendered-sample/clo-equity-loss-cdf-low-vs-high.png,D:\dev\ECR Capital Management\Book2\repo\examples\Chapter 4\Correlation and Tail Risk in CLO Tranches\python\rendered-sample\clo-equity-loss-cdf-low-vs-high.png,93647,8e391a5cd585247ed82181e6cd2e0805eb3450fd5490c6a5a987351fb3f828bd
refresh,code/examples/Chapter 4/Correlation and Tail Risk in CLO Tranches/python/rendered-sample/clo-equity-loss-cdf-low-vs-high.svg,D:\dev\ECR Capital Management\Book2\repo\examples\Chapter 4\Correlation and Tail Risk in CLO Tranches\python\rendered-sample\clo-equity-loss-cdf-low-vs-high.svg,150247,0286ccca51cb7462687c715d360a8bd4ead4e7767f4b2a88e328b42e63db2cf7
refresh,code/examples/Chapter 4/Correlation and Tail Risk in CLO Tranches/python/rendered-sample/clo-loss-compensation-spread-low-vs-high.png,D:\dev\ECR Capital Management\Book2\repo\examples\Chapter 4\Correlation and Tail Risk in CLO Tranches\python\rendered-sample\clo-loss-compensation-spread-low-vs-high.png,110042,1295c2021c068c9c58adb04c0b8907fb7f21587ab4d8178cc4daaae8f9c41929
refresh,code/examples/Chapter 4/Correlation and Tail Risk in CLO Tranches/python/rendered-sample/clo-loss-compensation-spread-low-vs-high.svg,D:\dev\ECR Capital Management\Book2\repo\examples\Chapter 4\Correlation and Tail Risk in CLO Tranches\python\rendered-sample\clo-loss-compensation-spread-low-vs-high.svg,50380,2650d52c0ff7401f8c51cbcac6cf00ea843a6b65bfbb6e99ffe9c8f2925397d8
refresh,code/examples/Chapter 4/Correlation and Tail Risk in CLO Tranches/python/rendered-sample/clo-mezzanine-loss-cdf-low-vs-high.png,D:\dev\ECR Capital Management\Book2\repo\examples\Chapter 4\Correlation and Tail Risk in CLO Tranches\python\rendered-sample\clo-mezzanine-loss-cdf-low-vs-high.png,103253,75ee38fb644985944a4470c56b79e3343dd0de5b98201025c1afea4c4ea7af6e
refresh,code/examples/Chapter 4/Correlation and Tail Risk in CLO Tranches/python/rendered-sample/clo-mezzanine-loss-cdf-low-vs-high.svg,D:\dev\ECR Capital Management\Book2\repo\examples\Chapter 4\Correlation and Tail Risk in CLO Tranches\python\rendered-sample\clo-mezzanine-loss-cdf-low-vs-high.svg,90153,9562067c35a73545b1ff05d345b266c94a51a021ff4de2b77cc40c4b73a2af56
refresh,code/examples/Chapter 4/Correlation and Tail Risk in CLO Tranches/python/rendered-sample/clo-payoff-map.png,D:\dev\ECR Capital Management\Book2\repo\examples\Chapter 4\Correlation and Tail Risk in CLO Tranches\python\rendered-sample\clo-payoff-map.png,124783,c2126e2ba13544c8db25ef12b0f4c58a37baca3c0d2ce06524e9c328eb396de0
refresh,code/examples/Chapter 4/Correlation and Tail Risk in CLO Tranches/python/rendered-sample/clo-payoff-map.svg,D:\dev\ECR Capital Management\Book2\repo\examples\Chapter 4\Correlation and Tail Risk in CLO Tranches\python\rendered-sample\clo-payoff-map.svg,43682,c4bec484210d1b532d71325d394fc5d821194780893e01be16990836debe88c4
refresh,code/examples/Chapter 4/Correlation and Tail Risk in CLO Tranches/python/rendered-sample/clo-rho-calibration-fit.svg,D:\dev\ECR Capital Management\Book2\repo\examples\Chapter 4\Correlation and Tail Risk in CLO Tranches\python\rendered-sample\clo-rho-calibration-fit.svg,46115,0923638c69b76dae310019109bd75d01a8816bd57d45e31f1a47587312d39702
refresh,code/examples/Chapter 4/Correlation and Tail Risk in CLO Tranches/python/rendered-sample/clo-rho-calibration-objective.svg,D:\dev\ECR Capital Management\Book2\repo\examples\Chapter 4\Correlation and Tail Risk in CLO Tranches\python\rendered-sample\clo-rho-calibration-objective.svg,39446,c7d2eab83383af57e8db2f62fe425530a5c893084ea99be7d9fe73d08a1193cb
refresh,code/examples/Chapter 4/Correlation and Tail Risk in CLO Tranches/python/rendered-sample/clo-run-metadata.json,D:\dev\ECR Capital Management\Book2\repo\examples\Chapter 4\Correlation and Tail Risk in CLO Tranches\python\rendered-sample\clo-run-metadata.json,2813,9940581948d26e2f0f32c11393e3f7c042d8102f4fd7aa3a9e7234e0fc741587
refresh,code/examples/Chapter 4/Correlation and Tail Risk in CLO Tranches/python/rendered-sample/clo-senior-loss-cdf-low-vs-high.png,D:\dev\ECR Capital Management\Book2\repo\examples\Chapter 4\Correlation and Tail Risk in CLO Tranches\python\rendered-sample\clo-senior-loss-cdf-low-vs-high.png,85802,4717705ad5f71488619a2f9ba76698cc93c0e7b4f86dea83f032f4bf2f876048
refresh,code/examples/Chapter 4/Correlation and Tail Risk in CLO Tranches/python/rendered-sample/clo-senior-loss-cdf-low-vs-high.svg,D:\dev\ECR Capital Management\Book2\repo\examples\Chapter 4\Correlation and Tail Risk in CLO Tranches\python\rendered-sample\clo-senior-loss-cdf-low-vs-high.svg,62618,6429553298c6f6f275742e1dc8a859007a9cfa50c57d807fc217459f79710522
refresh,code/examples/Chapter 4/Correlation and Tail Risk in CLO Tranches/python/rendered-sample/clo-tranche-summary-metrics.csv,D:\dev\ECR Capital Management\Book2\repo\examples\Chapter 4\Correlation and Tail Risk in CLO Tranches\python\rendered-sample\clo-tranche-summary-metrics.csv,552,492ee78b14be1ad8d787e2cee5c7540dabe38b6fbaaf8850dd483aa74a17ea3e
refresh,code/examples/Chapter 4/Correlation and Tail Risk in CLO Tranches/python/rendered-sample/clo-tranche-tail-metrics-low-vs-high.png,D:\dev\ECR Capital Management\Book2\repo\examples\Chapter 4\Correlation and Tail Risk in CLO Tranches\python\rendered-sample\clo-tranche-tail-metrics-low-vs-high.png,143714,384297135f6f0606643da7d45a7cf85983726eff8141cef18b2860dfd9cc1f71
refresh,code/examples/Chapter 4/Correlation and Tail Risk in CLO Tranches/python/rendered-sample/clo-tranche-tail-metrics-low-vs-high.svg,D:\dev\ECR Capital Management\Book2\repo\examples\Chapter 4\Correlation and Tail Risk in CLO Tranches\python\rendered-sample\clo-tranche-tail-metrics-low-vs-high.svg,58876,736b6df6ffc62ca51fc104265d7b6093dbcbddf707851043e7df386eb1ca6707
refresh,code/examples/Chapter 4/Correlation and Tail Risk in CLO Tranches/python/rendered-sample/clo-trigger-frequencies-low-vs-high.png,D:\dev\ECR Capital Management\Book2\repo\examples\Chapter 4\Correlation and Tail Risk in CLO Tranches\python\rendered-sample\clo-trigger-frequencies-low-vs-high.png,67318,6fb2b26159f4ed4bdf25fdfb1207ce41e8fb29e014aaee2a744d67f5b6f0abd8
refresh,code/examples/Chapter 4/Correlation and Tail Risk in CLO Tranches/python/rendered-sample/clo-trigger-frequencies-low-vs-high.svg,D:\dev\ECR Capital Management\Book2\repo\examples\Chapter 4\Correlation and Tail Risk in CLO Tranches\python\rendered-sample\clo-trigger-frequencies-low-vs-high.svg,37263,8241938e6a4dd4a8794acd75bfdcb51dbc514bba5303368a5d3f3653803682f9
refresh,code/examples/Chapter 4/Correlation and Tail Risk in CLO Tranches/python/stage_actual_clo_contract.py,D:\dev\ECR Capital Management\Book2\repo\examples\Chapter 4\Correlation and Tail Risk in CLO Tranches\python\stage_actual_clo_contract.py,20736,370d6c48106c2738d7a997532c4dbb962e189e6ffe50323742377769740cd249
refresh,code/examples/Chapter 4/Correlation and Tail Risk in CLO Tranches/python/test_clo_smoke.py,D:\dev\ECR Capital Management\Book2\repo\examples\Chapter 4\Correlation and Tail Risk in CLO Tranches\python\test_clo_smoke.py,31591,e6b238a201b3b3a04fd9d80b95c8e80612b5fd0e6778ee2ff7e70efa613da933
refresh,code/examples/Chapter 4/Correlation and Tail Risk in CLO Tranches/README.md,D:\dev\ECR Capital Management\Book2\repo\examples\Chapter 4\Correlation and Tail Risk in CLO Tranches\README.md,3180,03ff7526287344e6cf019f863bc87d7102494467f3bc4069ce4398be428fd0c8
refresh,code/examples/Chapter 4/Correlation and Tail Risk in CLO Tranches/run_example.py,D:\dev\ECR Capital Management\Book2\repo\examples\Chapter 4\Correlation and Tail Risk in CLO Tranches\run_example.py,1217,ef498b25afd7fa1be71d5d21890399efa75d6afb7cb7c9ebda8fea576300bed2
add,code/examples/Chapter 4/Correlation and Tail Risk in CLO Tranches/python/rendered-sample/clo-collateral-model-price-vs-market.png,D:\dev\ECR Capital Management\Book2\repo\examples\Chapter 4\Correlation and Tail Risk in CLO Tranches\python\rendered-sample\clo-collateral-model-price-vs-market.png,191520,7ca7fa6ba9a3b6241080fadab98d373bce0630986b389c37a2b4d49aa24a4785
add,code/examples/Chapter 4/Correlation and Tail Risk in CLO Tranches/python/rendered-sample/clo-collateral-model-price-vs-market.svg,D:\dev\ECR Capital Management\Book2\repo\examples\Chapter 4\Correlation and Tail Risk in CLO Tranches\python\rendered-sample\clo-collateral-model-price-vs-market.svg,330133,bfe2cc8645e270338f8304162e732c2411031e38ca9dacc04e8c8ed6299522b4
add,code/examples/Chapter 4/Correlation and Tail Risk in CLO Tranches/python/rendered-sample/clo-collateral-nav-distribution-low-vs-high.png,D:\dev\ECR Capital Management\Book2\repo\examples\Chapter 4\Correlation and Tail Risk in CLO Tranches\python\rendered-sample\clo-collateral-nav-distribution-low-vs-high.png,90673,78c40eacd4ac7e0c35cb36dd95f286d8780a92919f15d5890c4f19b7b0a616f2
add,code/examples/Chapter 4/Correlation and Tail Risk in CLO Tranches/python/rendered-sample/clo-collateral-nav-distribution-low-vs-high.svg,D:\dev\ECR Capital Management\Book2\repo\examples\Chapter 4\Correlation and Tail Risk in CLO Tranches\python\rendered-sample\clo-collateral-nav-distribution-low-vs-high.svg,50716,839dc76976b9f860479c6cccdc9644109d108262e6f542e94cf32cc5ea1d0ffb
add,code/examples/Chapter 4/Correlation and Tail Risk in CLO Tranches/python/rendered-sample/clo-collateral-valuation-summary.csv,D:\dev\ECR Capital Management\Book2\repo\examples\Chapter 4\Correlation and Tail Risk in CLO Tranches\python\rendered-sample\clo-collateral-valuation-summary.csv,284,f967d00a3987566362b09a57e9535b0e89ccd713e4db8988acf49c21e5ca62c0
add,code/examples/Chapter 4/Correlation and Tail Risk in CLO Tranches/python/rendered-sample/clo-collateral-valuation-table.csv,D:\dev\ECR Capital Management\Book2\repo\examples\Chapter 4\Correlation and Tail Risk in CLO Tranches\python\rendered-sample\clo-collateral-valuation-table.csv,122978,9faadb0df455e2eb2e92bb43e927eab1e88697590bebdcd1b001c3c44a9538d9
add,code/examples/Chapter 4/Correlation and Tail Risk in CLO Tranches/python/rendered-sample/clo-collateral-value-by-rating.png,D:\dev\ECR Capital Management\Book2\repo\examples\Chapter 4\Correlation and Tail Risk in CLO Tranches\python\rendered-sample\clo-collateral-value-by-rating.png,62297,ca9dad0293cd7b552d315d0954e2cfe5bcc1d58ab4c68a45667d00fabb49ec46
add,code/examples/Chapter 4/Correlation and Tail Risk in CLO Tranches/python/rendered-sample/clo-collateral-value-by-rating.svg,D:\dev\ECR Capital Management\Book2\repo\examples\Chapter 4\Correlation and Tail Risk in CLO Tranches\python\rendered-sample\clo-collateral-value-by-rating.svg,34597,ec27d1983174d88b36f77c925f8adf5d87410711ccf1b89fbe72050927586581
add,code/examples/Chapter 4/Correlation and Tail Risk in CLO Tranches/python/rendered-sample/clo-monte-carlo-diagnostics.csv,D:\dev\ECR Capital Management\Book2\repo\examples\Chapter 4\Correlation and Tail Risk in CLO Tranches\python\rendered-sample\clo-monte-carlo-diagnostics.csv,616,db953c807df4a4e3a05f70ed74d7b387a1d1222e45465b6ac6911847289eebcf
add,code/examples/Chapter 4/Correlation and Tail Risk in CLO Tranches/python/rendered-sample/clo-validation-checks.csv,D:\dev\ECR Capital Management\Book2\repo\examples\Chapter 4\Correlation and Tail Risk in CLO Tranches\python\rendered-sample\clo-validation-checks.csv,455,14e968b579eaa37e14fed3e6a19f36477c55d83a27dba676340cd3f48cbbef4f
