component,archive_path,source_path,bytes,sha256,reason,reference
project_code,code/examples/Chapter 4/Correlation and Tail Risk in CLO Tranches/BLOOMBERG_AIRGAP_PLAYBOOK.md,D:\dev\ECR Capital Management\Book2\repo\examples\Chapter 4\Correlation and Tail Risk in CLO Tranches\BLOOMBERG_AIRGAP_PLAYBOOK.md,3587,15a8c3d6eba3edd2adec26589303c32a095698fb4fcc0ffd89ce96c70aa1af7a,project_code,D:\dev\ECR Capital Management\Book2\repo\examples\Chapter 4\Correlation and Tail Risk in CLO Tranches
project_code,code/examples/Chapter 4/Correlation and Tail Risk in CLO Tranches/CLO-Bloomberg-Data-Needed.md,D:\dev\ECR Capital Management\Book2\repo\examples\Chapter 4\Correlation and Tail Risk in CLO Tranches\CLO-Bloomberg-Data-Needed.md,13604,a22d3706582b12767a256d84a51ff992a2c7644195290da2a90d70b8df3f00c4,project_code,D:\dev\ECR Capital Management\Book2\repo\examples\Chapter 4\Correlation and Tail Risk in CLO Tranches
project_code,code/examples/Chapter 4/Correlation and Tail Risk in CLO Tranches/DATA_CARD.md,D:\dev\ECR Capital Management\Book2\repo\examples\Chapter 4\Correlation and Tail Risk in CLO Tranches\DATA_CARD.md,6242,db2bc86b9a7d218c37bb047aefc425666c1b7e69a348368e1c31e08d51d6ff00,project_code,D:\dev\ECR Capital Management\Book2\repo\examples\Chapter 4\Correlation and Tail Risk in CLO Tranches
project_code,code/examples/Chapter 4/Correlation and Tail Risk in CLO Tranches/live_contract_template/agg_clo_cohort_default.csv,D:\dev\ECR Capital Management\Book2\repo\examples\Chapter 4\Correlation and Tail Risk in CLO Tranches\live_contract_template\agg_clo_cohort_default.csv,69,18a0ad1b4d1238c4535c2a9562d842d49db3d426a982ee7dc1f6b0a47dec76b9,project_code,D:\dev\ECR Capital Management\Book2\repo\examples\Chapter 4\Correlation and Tail Risk in CLO Tranches
project_code,code/examples/Chapter 4/Correlation and Tail Risk in CLO Tranches/live_contract_template/dim_clo_tranche.csv,D:\dev\ECR Capital Management\Book2\repo\examples\Chapter 4\Correlation and Tail Risk in CLO Tranches\live_contract_template\dim_clo_tranche.csv,93,43c058a99c78384baa509d6b0b51296b1f99253feda81fa4112e2f60b86a7aad,project_code,D:\dev\ECR Capital Management\Book2\repo\examples\Chapter 4\Correlation and Tail Risk in CLO Tranches
project_code,code/examples/Chapter 4/Correlation and Tail Risk in CLO Tranches/live_contract_template/fact_clo_collateral_position.csv,D:\dev\ECR Capital Management\Book2\repo\examples\Chapter 4\Correlation and Tail Risk in CLO Tranches\live_contract_template\fact_clo_collateral_position.csv,206,4181de0587b4e98cfba41144aa93d77f11ea638f1fbadcbe7d438c19a2415cec,project_code,D:\dev\ECR Capital Management\Book2\repo\examples\Chapter 4\Correlation and Tail Risk in CLO Tranches
project_code,code/examples/Chapter 4/Correlation and Tail Risk in CLO Tranches/live_contract_template/fact_clo_default_event.csv,D:\dev\ECR Capital Management\Book2\repo\examples\Chapter 4\Correlation and Tail Risk in CLO Tranches\live_contract_template\fact_clo_default_event.csv,61,460e5db9b6a60ceda946b37b16404f503c71c35c147b0336f6843ee313951105,project_code,D:\dev\ECR Capital Management\Book2\repo\examples\Chapter 4\Correlation and Tail Risk in CLO Tranches
project_code,code/examples/Chapter 4/Correlation and Tail Risk in CLO Tranches/live_contract_template/fact_clo_manager_report.csv,D:\dev\ECR Capital Management\Book2\repo\examples\Chapter 4\Correlation and Tail Risk in CLO Tranches\live_contract_template\fact_clo_manager_report.csv,92,a583da2e66bb1362ef7a51f5aa7350f796558dfeb7042851d2ac63cde3bc0400,project_code,D:\dev\ECR Capital Management\Book2\repo\examples\Chapter 4\Correlation and Tail Risk in CLO Tranches
project_code,code/examples/Chapter 4/Correlation and Tail Risk in CLO Tranches/live_contract_template/fact_clo_recovery_event.csv,D:\dev\ECR Capital Management\Book2\repo\examples\Chapter 4\Correlation and Tail Risk in CLO Tranches\live_contract_template\fact_clo_recovery_event.csv,76,eb2b246e1c511fc43513222679e2b824153a0812f4bd6cb8a02f7d0035922329,project_code,D:\dev\ECR Capital Management\Book2\repo\examples\Chapter 4\Correlation and Tail Risk in CLO Tranches
project_code,code/examples/Chapter 4/Correlation and Tail Risk in CLO Tranches/live_contract_template/fact_clo_tranche_cashflow.csv,D:\dev\ECR Capital Management\Book2\repo\examples\Chapter 4\Correlation and Tail Risk in CLO Tranches\live_contract_template\fact_clo_tranche_cashflow.csv,92,0f67e915d4b95047834d4703d17ed6c80e205f3056510567755a66ff4fc76a41,project_code,D:\dev\ECR Capital Management\Book2\repo\examples\Chapter 4\Correlation and Tail Risk in CLO Tranches
project_code,code/examples/Chapter 4/Correlation and Tail Risk in CLO Tranches/live_contract_template/README.md,D:\dev\ECR Capital Management\Book2\repo\examples\Chapter 4\Correlation and Tail Risk in CLO Tranches\live_contract_template\README.md,1636,bebce637052991a040414772a934d33dba5e36c2caed522bcf0db4e44896a051,project_code,D:\dev\ECR Capital Management\Book2\repo\examples\Chapter 4\Correlation and Tail Risk in CLO Tranches
project_code,code/examples/Chapter 4/Correlation and Tail Risk in CLO Tranches/live_contract_template/scenario_clo_stress.csv,D:\dev\ECR Capital Management\Book2\repo\examples\Chapter 4\Correlation and Tail Risk in CLO Tranches\live_contract_template\scenario_clo_stress.csv,115,da6c4239d8359b60910a318ef1ca024de2d36f1c25bb1e1c428c2d5e33f85038,project_code,D:\dev\ECR Capital Management\Book2\repo\examples\Chapter 4\Correlation and Tail Risk in CLO Tranches
project_code,code/examples/Chapter 4/Correlation and Tail Risk in CLO Tranches/Matlab/_CLO_document.xml,D:\dev\ECR Capital Management\Book2\repo\examples\Chapter 4\Correlation and Tail Risk in CLO Tranches\Matlab\_CLO_document.xml,23452,af9b8286ccfd2bd3461e66aed6bd2d0397b2644ccb70025f688860779ca8feb8,project_code,D:\dev\ECR Capital Management\Book2\repo\examples\Chapter 4\Correlation and Tail Risk in CLO Tranches
project_code,code/examples/Chapter 4/Correlation and Tail Risk in CLO Tranches/Matlab/_CLO_extracted_review.txt,D:\dev\ECR Capital Management\Book2\repo\examples\Chapter 4\Correlation and Tail Risk in CLO Tranches\Matlab\_CLO_extracted_review.txt,16244,4b7551a300f00b1b40b44463b2ac8f0e992be92bff37ffbe200c1dc642ee6d8c,project_code,D:\dev\ECR Capital Management\Book2\repo\examples\Chapter 4\Correlation and Tail Risk in CLO Tranches
project_code,code/examples/Chapter 4/Correlation and Tail Risk in CLO Tranches/Matlab/CLO.m,D:\dev\ECR Capital Management\Book2\repo\examples\Chapter 4\Correlation and Tail Risk in CLO Tranches\Matlab\CLO.m,17395,c4306c684fde80db105db249b917d1e0c171417487371e7953037e61d63f0845,project_code,D:\dev\ECR Capital Management\Book2\repo\examples\Chapter 4\Correlation and Tail Risk in CLO Tranches
project_code,code/examples/Chapter 4/Correlation and Tail Risk in CLO Tranches/Matlab/CLO.mlx,D:\dev\ECR Capital Management\Book2\repo\examples\Chapter 4\Correlation and Tail Risk in CLO Tranches\Matlab\CLO.mlx,8367,92e0b45d684bbecc9882d7161b53091db4fdf5eddf150222c6e97e5fe72142db,project_code,D:\dev\ECR Capital Management\Book2\repo\examples\Chapter 4\Correlation and Tail Risk in CLO Tranches
project_code,code/examples/Chapter 4/Correlation and Tail Risk in CLO Tranches/Matlab/CLO.zip,D:\dev\ECR Capital Management\Book2\repo\examples\Chapter 4\Correlation and Tail Risk in CLO Tranches\Matlab\CLO.zip,328771,9252a28c9a6c4f21ec956e889daa987cb93cb3566f5f0712fa70d8bc33a5956c,project_code,D:\dev\ECR Capital Management\Book2\repo\examples\Chapter 4\Correlation and Tail Risk in CLO Tranches
project_code,code/examples/Chapter 4/Correlation and Tail Risk in CLO Tranches/Matlab/CLO_legacy.mlx,D:\dev\ECR Capital Management\Book2\repo\examples\Chapter 4\Correlation and Tail Risk in CLO Tranches\Matlab\CLO_legacy.mlx,328771,9252a28c9a6c4f21ec956e889daa987cb93cb3566f5f0712fa70d8bc33a5956c,project_code,D:\dev\ECR Capital Management\Book2\repo\examples\Chapter 4\Correlation and Tail Risk in CLO Tranches
project_code,code/examples/Chapter 4/Correlation and Tail Risk in CLO Tranches/Matlab/README.md,D:\dev\ECR Capital Management\Book2\repo\examples\Chapter 4\Correlation and Tail Risk in CLO Tranches\Matlab\README.md,709,06adb8501f6f48d2131219e9bf69a34b23f95951d7abf72108e2728497ebe333,project_code,D:\dev\ECR Capital Management\Book2\repo\examples\Chapter 4\Correlation and Tail Risk in CLO Tranches
project_code,code/examples/Chapter 4/Correlation and Tail Risk in CLO Tranches/PUBLIC_BDC_CASE_STUDY_PLAYBOOK.md,D:\dev\ECR Capital Management\Book2\repo\examples\Chapter 4\Correlation and Tail Risk in CLO Tranches\PUBLIC_BDC_CASE_STUDY_PLAYBOOK.md,3514,72314554676533942977f92e536b35de0a5666311e5a857b50f5446ee6a6291c,project_code,D:\dev\ECR Capital Management\Book2\repo\examples\Chapter 4\Correlation and Tail Risk in CLO Tranches
project_code,code/examples/Chapter 4/Correlation and Tail Risk in CLO Tranches/python/CLO.py,D:\dev\ECR Capital Management\Book2\repo\examples\Chapter 4\Correlation and Tail Risk in CLO Tranches\python\CLO.py,83458,b94273fbff75495d20b44198bf1a0367ad69cb4e1fa57095505e7dd913cb16e3,project_code,D:\dev\ECR Capital Management\Book2\repo\examples\Chapter 4\Correlation and Tail Risk in CLO Tranches
project_code,code/examples/Chapter 4/Correlation and Tail Risk in CLO Tranches/python/extract_public_bdc_clo_case_study.py,D:\dev\ECR Capital Management\Book2\repo\examples\Chapter 4\Correlation and Tail Risk in CLO Tranches\python\extract_public_bdc_clo_case_study.py,44006,23e226d0ea16f132c214d0708c73fc11e0bab85e3d41580e579726597f53db78,project_code,D:\dev\ECR Capital Management\Book2\repo\examples\Chapter 4\Correlation and Tail Risk in CLO Tranches
project_code,code/examples/Chapter 4/Correlation and Tail Risk in CLO Tranches/python/README.md,D:\dev\ECR Capital Management\Book2\repo\examples\Chapter 4\Correlation and Tail Risk in CLO Tranches\python\README.md,3062,a12112e864ec69db736c7476a59826cdf33aeefd6a0d02a59766fc6ba717e14b,project_code,D:\dev\ECR Capital Management\Book2\repo\examples\Chapter 4\Correlation and Tail Risk in CLO Tranches
project_code,code/examples/Chapter 4/Correlation and Tail Risk in CLO Tranches/python/rendered-public-sec-case-study/clo-class a notes-loss-cdf-low-vs-high.png,D:\dev\ECR Capital Management\Book2\repo\examples\Chapter 4\Correlation and Tail Risk in CLO Tranches\python\rendered-public-sec-case-study\clo-class a notes-loss-cdf-low-vs-high.png,54434,15c0face8ee0eb066ad57b61ea2ff67c61b04ca5fa6faec3921d8caf6665f161,project_code,D:\dev\ECR Capital Management\Book2\repo\examples\Chapter 4\Correlation and Tail Risk in CLO Tranches
project_code,code/examples/Chapter 4/Correlation and Tail Risk in CLO Tranches/python/rendered-public-sec-case-study/clo-class a notes-loss-cdf-low-vs-high.svg,D:\dev\ECR Capital Management\Book2\repo\examples\Chapter 4\Correlation and Tail Risk in CLO Tranches\python\rendered-public-sec-case-study\clo-class a notes-loss-cdf-low-vs-high.svg,36065,803a65a60eb7a182c3519c7fa872c733998ec0ff0dc7d2942be8da29b8d31017,project_code,D:\dev\ECR Capital Management\Book2\repo\examples\Chapter 4\Correlation and Tail Risk in CLO Tranches
project_code,code/examples/Chapter 4/Correlation and Tail Risk in CLO Tranches/python/rendered-public-sec-case-study/clo-class b-1 notes-loss-cdf-low-vs-high.png,D:\dev\ECR Capital Management\Book2\repo\examples\Chapter 4\Correlation and Tail Risk in CLO Tranches\python\rendered-public-sec-case-study\clo-class b-1 notes-loss-cdf-low-vs-high.png,56455,88d90b9e70cfc976a38e131bf6273fb73482923250e55e420d7150ae5febd0e1,project_code,D:\dev\ECR Capital Management\Book2\repo\examples\Chapter 4\Correlation and Tail Risk in CLO Tranches
project_code,code/examples/Chapter 4/Correlation and Tail Risk in CLO Tranches/python/rendered-public-sec-case-study/clo-class b-1 notes-loss-cdf-low-vs-high.svg,D:\dev\ECR Capital Management\Book2\repo\examples\Chapter 4\Correlation and Tail Risk in CLO Tranches\python\rendered-public-sec-case-study\clo-class b-1 notes-loss-cdf-low-vs-high.svg,35022,9f5018140ae6fa2bb93ff07f01965fcb4a2d43b0447bcb7c03e931605be1f77a,project_code,D:\dev\ECR Capital Management\Book2\repo\examples\Chapter 4\Correlation and Tail Risk in CLO Tranches
project_code,code/examples/Chapter 4/Correlation and Tail Risk in CLO Tranches/python/rendered-public-sec-case-study/clo-class b-2 notes-loss-cdf-low-vs-high.png,D:\dev\ECR Capital Management\Book2\repo\examples\Chapter 4\Correlation and Tail Risk in CLO Tranches\python\rendered-public-sec-case-study\clo-class b-2 notes-loss-cdf-low-vs-high.png,56987,a65c647ae3d469955ee5114f8ef7aea4fe5b93114772d17769ab5d056fcc459c,project_code,D:\dev\ECR Capital Management\Book2\repo\examples\Chapter 4\Correlation and Tail Risk in CLO Tranches
project_code,code/examples/Chapter 4/Correlation and Tail Risk in CLO Tranches/python/rendered-public-sec-case-study/clo-class b-2 notes-loss-cdf-low-vs-high.svg,D:\dev\ECR Capital Management\Book2\repo\examples\Chapter 4\Correlation and Tail Risk in CLO Tranches\python\rendered-public-sec-case-study\clo-class b-2 notes-loss-cdf-low-vs-high.svg,34979,b2dfdf6e71d0d8e81444e6533c5c8ee14c4137daad4d3f59df2fb4a42a1bbc5b,project_code,D:\dev\ECR Capital Management\Book2\repo\examples\Chapter 4\Correlation and Tail Risk in CLO Tranches
project_code,code/examples/Chapter 4/Correlation and Tail Risk in CLO Tranches/python/rendered-public-sec-case-study/clo-collateral-loss-cdf-low-vs-high.png,D:\dev\ECR Capital Management\Book2\repo\examples\Chapter 4\Correlation and Tail Risk in CLO Tranches\python\rendered-public-sec-case-study\clo-collateral-loss-cdf-low-vs-high.png,74499,fa3fa6d0ded0fb52932129548bd4033e9709f4a6255c5c34d7576c2c4e11c85c,project_code,D:\dev\ECR Capital Management\Book2\repo\examples\Chapter 4\Correlation and Tail Risk in CLO Tranches
project_code,code/examples/Chapter 4/Correlation and Tail Risk in CLO Tranches/python/rendered-public-sec-case-study/clo-collateral-loss-cdf-low-vs-high.svg,D:\dev\ECR Capital Management\Book2\repo\examples\Chapter 4\Correlation and Tail Risk in CLO Tranches\python\rendered-public-sec-case-study\clo-collateral-loss-cdf-low-vs-high.svg,94422,8778fa84a57e22faa9448d1dee0e77e59e96698837af04a980c0f5dcb9af079c,project_code,D:\dev\ECR Capital Management\Book2\repo\examples\Chapter 4\Correlation and Tail Risk in CLO Tranches
project_code,code/examples/Chapter 4/Correlation and Tail Risk in CLO Tranches/python/rendered-public-sec-case-study/clo-loss-compensation-spread-low-vs-high.png,D:\dev\ECR Capital Management\Book2\repo\examples\Chapter 4\Correlation and Tail Risk in CLO Tranches\python\rendered-public-sec-case-study\clo-loss-compensation-spread-low-vs-high.png,75453,7c179b21a47793635b8b2064065814a7d8a2cef7aad619434b8d92000403b0d3,project_code,D:\dev\ECR Capital Management\Book2\repo\examples\Chapter 4\Correlation and Tail Risk in CLO Tranches
project_code,code/examples/Chapter 4/Correlation and Tail Risk in CLO Tranches/python/rendered-public-sec-case-study/clo-loss-compensation-spread-low-vs-high.svg,D:\dev\ECR Capital Management\Book2\repo\examples\Chapter 4\Correlation and Tail Risk in CLO Tranches\python\rendered-public-sec-case-study\clo-loss-compensation-spread-low-vs-high.svg,38303,4e64a991f3c260d675abbd0665d8f8f39d7bde76a1d84f95741c7e0c0a571dec,project_code,D:\dev\ECR Capital Management\Book2\repo\examples\Chapter 4\Correlation and Tail Risk in CLO Tranches
project_code,code/examples/Chapter 4/Correlation and Tail Risk in CLO Tranches/python/rendered-public-sec-case-study/clo-observed-cohort-panel.csv,D:\dev\ECR Capital Management\Book2\repo\examples\Chapter 4\Correlation and Tail Risk in CLO Tranches\python\rendered-public-sec-case-study\clo-observed-cohort-panel.csv,57,b512738e6245da579e1690119625ba33faaa271ad632a99112f2447a3223ee6e,project_code,D:\dev\ECR Capital Management\Book2\repo\examples\Chapter 4\Correlation and Tail Risk in CLO Tranches
project_code,code/examples/Chapter 4/Correlation and Tail Risk in CLO Tranches/python/rendered-public-sec-case-study/clo-payoff-map.png,D:\dev\ECR Capital Management\Book2\repo\examples\Chapter 4\Correlation and Tail Risk in CLO Tranches\python\rendered-public-sec-case-study\clo-payoff-map.png,151425,43242997a16817ae27b8d3b139f857774c756571bd15b49f5ce2ba3954f27882,project_code,D:\dev\ECR Capital Management\Book2\repo\examples\Chapter 4\Correlation and Tail Risk in CLO Tranches
project_code,code/examples/Chapter 4/Correlation and Tail Risk in CLO Tranches/python/rendered-public-sec-case-study/clo-payoff-map.svg,D:\dev\ECR Capital Management\Book2\repo\examples\Chapter 4\Correlation and Tail Risk in CLO Tranches\python\rendered-public-sec-case-study\clo-payoff-map.svg,47073,bfd1836412585b07c720b76d22aa6551c7f05ab7bb77434727dafec22b84fcb8,project_code,D:\dev\ECR Capital Management\Book2\repo\examples\Chapter 4\Correlation and Tail Risk in CLO Tranches
project_code,code/examples/Chapter 4/Correlation and Tail Risk in CLO Tranches/python/rendered-public-sec-case-study/clo-rho-calibration-fit.png,D:\dev\ECR Capital Management\Book2\repo\examples\Chapter 4\Correlation and Tail Risk in CLO Tranches\python\rendered-public-sec-case-study\clo-rho-calibration-fit.png,74736,cad72e710df0f73f128a0cbc890139349f607f6afe68e86ddc67b7edf3d4989d,project_code,D:\dev\ECR Capital Management\Book2\repo\examples\Chapter 4\Correlation and Tail Risk in CLO Tranches
project_code,code/examples/Chapter 4/Correlation and Tail Risk in CLO Tranches/python/rendered-public-sec-case-study/clo-rho-calibration-fit.svg,D:\dev\ECR Capital Management\Book2\repo\examples\Chapter 4\Correlation and Tail Risk in CLO Tranches\python\rendered-public-sec-case-study\clo-rho-calibration-fit.svg,28527,3e17848c9ffa9709f52c86fb2f49a507aa0774ae3a10d69e798f70dd922a3f8c,project_code,D:\dev\ECR Capital Management\Book2\repo\examples\Chapter 4\Correlation and Tail Risk in CLO Tranches
project_code,code/examples/Chapter 4/Correlation and Tail Risk in CLO Tranches/python/rendered-public-sec-case-study/clo-rho-calibration-grid.csv,D:\dev\ECR Capital Management\Book2\repo\examples\Chapter 4\Correlation and Tail Risk in CLO Tranches\python\rendered-public-sec-case-study\clo-rho-calibration-grid.csv,101,0aea0f5f0b81975658006a2197b9e903cb1bc19edebe30c1150081b0ba5e7cfd,project_code,D:\dev\ECR Capital Management\Book2\repo\examples\Chapter 4\Correlation and Tail Risk in CLO Tranches
project_code,code/examples/Chapter 4/Correlation and Tail Risk in CLO Tranches/python/rendered-public-sec-case-study/clo-rho-calibration-objective.png,D:\dev\ECR Capital Management\Book2\repo\examples\Chapter 4\Correlation and Tail Risk in CLO Tranches\python\rendered-public-sec-case-study\clo-rho-calibration-objective.png,52849,7633cf0eb71ae310a6156f6b510cdeababaa727f83cc3a923052c47f9549b423,project_code,D:\dev\ECR Capital Management\Book2\repo\examples\Chapter 4\Correlation and Tail Risk in CLO Tranches
project_code,code/examples/Chapter 4/Correlation and Tail Risk in CLO Tranches/python/rendered-public-sec-case-study/clo-rho-calibration-objective.svg,D:\dev\ECR Capital Management\Book2\repo\examples\Chapter 4\Correlation and Tail Risk in CLO Tranches\python\rendered-public-sec-case-study\clo-rho-calibration-objective.svg,27191,efc23e20bb6b30971ed97e84b1c7b9d54f21e3f4b6e6d568b295084252183365,project_code,D:\dev\ECR Capital Management\Book2\repo\examples\Chapter 4\Correlation and Tail Risk in CLO Tranches
project_code,code/examples/Chapter 4/Correlation and Tail Risk in CLO Tranches/python/rendered-public-sec-case-study/clo-rho-scenarios.csv,D:\dev\ECR Capital Management\Book2\repo\examples\Chapter 4\Correlation and Tail Risk in CLO Tranches\python\rendered-public-sec-case-study\clo-rho-scenarios.csv,300,565a8f2e3921feda45dba3641d7c37cbc3181320514d9739801e4f11b571df0e,project_code,D:\dev\ECR Capital Management\Book2\repo\examples\Chapter 4\Correlation and Tail Risk in CLO Tranches
project_code,code/examples/Chapter 4/Correlation and Tail Risk in CLO Tranches/python/rendered-public-sec-case-study/clo-run-metadata.json,D:\dev\ECR Capital Management\Book2\repo\examples\Chapter 4\Correlation and Tail Risk in CLO Tranches\python\rendered-public-sec-case-study\clo-run-metadata.json,3167,741ddb106dbc3190daeb95f0a2a27efec23b608af67f9d2af1792f491de4c9b8,project_code,D:\dev\ECR Capital Management\Book2\repo\examples\Chapter 4\Correlation and Tail Risk in CLO Tranches
project_code,code/examples/Chapter 4/Correlation and Tail Risk in CLO Tranches/python/rendered-public-sec-case-study/clo-subordinated notes-loss-cdf-low-vs-high.png,D:\dev\ECR Capital Management\Book2\repo\examples\Chapter 4\Correlation and Tail Risk in CLO Tranches\python\rendered-public-sec-case-study\clo-subordinated notes-loss-cdf-low-vs-high.png,81703,ed1a06ed7c5d3343ca4ff09d477080b009f4fe2474305116d5553fe75f8f836b,project_code,D:\dev\ECR Capital Management\Book2\repo\examples\Chapter 4\Correlation and Tail Risk in CLO Tranches
project_code,code/examples/Chapter 4/Correlation and Tail Risk in CLO Tranches/python/rendered-public-sec-case-study/clo-subordinated notes-loss-cdf-low-vs-high.svg,D:\dev\ECR Capital Management\Book2\repo\examples\Chapter 4\Correlation and Tail Risk in CLO Tranches\python\rendered-public-sec-case-study\clo-subordinated notes-loss-cdf-low-vs-high.svg,105654,ac76da45776582b3fcdafadf2ef0becead2fd5376400c88c992d609b5ba1399b,project_code,D:\dev\ECR Capital Management\Book2\repo\examples\Chapter 4\Correlation and Tail Risk in CLO Tranches
project_code,code/examples/Chapter 4/Correlation and Tail Risk in CLO Tranches/python/rendered-public-sec-case-study/clo-tranche-summary-metrics.csv,D:\dev\ECR Capital Management\Book2\repo\examples\Chapter 4\Correlation and Tail Risk in CLO Tranches\python\rendered-public-sec-case-study\clo-tranche-summary-metrics.csv,859,8cc8f2adb72b6d0e7a4ca17c80e897d129d6cf9dbc8eb9db741d278ce78ae88d,project_code,D:\dev\ECR Capital Management\Book2\repo\examples\Chapter 4\Correlation and Tail Risk in CLO Tranches
project_code,code/examples/Chapter 4/Correlation and Tail Risk in CLO Tranches/python/rendered-public-sec-case-study/clo-tranche-tail-metrics-low-vs-high.png,D:\dev\ECR Capital Management\Book2\repo\examples\Chapter 4\Correlation and Tail Risk in CLO Tranches\python\rendered-public-sec-case-study\clo-tranche-tail-metrics-low-vs-high.png,92931,5419db056600478ef2872956b4820737386950d0229b52683e40994f6dfa6f89,project_code,D:\dev\ECR Capital Management\Book2\repo\examples\Chapter 4\Correlation and Tail Risk in CLO Tranches
project_code,code/examples/Chapter 4/Correlation and Tail Risk in CLO Tranches/python/rendered-public-sec-case-study/clo-tranche-tail-metrics-low-vs-high.svg,D:\dev\ECR Capital Management\Book2\repo\examples\Chapter 4\Correlation and Tail Risk in CLO Tranches\python\rendered-public-sec-case-study\clo-tranche-tail-metrics-low-vs-high.svg,51315,a0d8af789d861c6a90502d63320eaa8f282b953f0bbb9e7adad40dd84f7b3090,project_code,D:\dev\ECR Capital Management\Book2\repo\examples\Chapter 4\Correlation and Tail Risk in CLO Tranches
project_code,code/examples/Chapter 4/Correlation and Tail Risk in CLO Tranches/python/rendered-public-sec-case-study/clo-trigger-frequencies-low-vs-high.png,D:\dev\ECR Capital Management\Book2\repo\examples\Chapter 4\Correlation and Tail Risk in CLO Tranches\python\rendered-public-sec-case-study\clo-trigger-frequencies-low-vs-high.png,71366,354228bd6bae81d1ed4e35b2e8d947a69737a1f6cf57748ac1ec313d001fe237,project_code,D:\dev\ECR Capital Management\Book2\repo\examples\Chapter 4\Correlation and Tail Risk in CLO Tranches
project_code,code/examples/Chapter 4/Correlation and Tail Risk in CLO Tranches/python/rendered-public-sec-case-study/clo-trigger-frequencies-low-vs-high.svg,D:\dev\ECR Capital Management\Book2\repo\examples\Chapter 4\Correlation and Tail Risk in CLO Tranches\python\rendered-public-sec-case-study\clo-trigger-frequencies-low-vs-high.svg,38844,7387f71d5ea7f177a9bd6ec1205e018db13f225d34666d09eb31d4c04733ac09,project_code,D:\dev\ECR Capital Management\Book2\repo\examples\Chapter 4\Correlation and Tail Risk in CLO Tranches
project_code,code/examples/Chapter 4/Correlation and Tail Risk in CLO Tranches/python/rendered-public-sec-case-study/public_case_study_metadata.json,D:\dev\ECR Capital Management\Book2\repo\examples\Chapter 4\Correlation and Tail Risk in CLO Tranches\python\rendered-public-sec-case-study\public_case_study_metadata.json,4549,9605c4061869c11bbe0a6f4f37903073a5e51c0a3359a272fc13713aaf83fb2c,project_code,D:\dev\ECR Capital Management\Book2\repo\examples\Chapter 4\Correlation and Tail Risk in CLO Tranches
project_code,code/examples/Chapter 4/Correlation and Tail Risk in CLO Tranches/python/rendered-public-sec-case-study/stage_metadata.json,D:\dev\ECR Capital Management\Book2\repo\examples\Chapter 4\Correlation and Tail Risk in CLO Tranches\python\rendered-public-sec-case-study\stage_metadata.json,2324,922495920130ad13fd971390916c74676d99d083a635a15a63f548f08115bc50,project_code,D:\dev\ECR Capital Management\Book2\repo\examples\Chapter 4\Correlation and Tail Risk in CLO Tranches
project_code,code/examples/Chapter 4/Correlation and Tail Risk in CLO Tranches/python/rendered-sample/clo-collateral-loss-cdf-low-vs-high.png,D:\dev\ECR Capital Management\Book2\repo\examples\Chapter 4\Correlation and Tail Risk in CLO Tranches\python\rendered-sample\clo-collateral-loss-cdf-low-vs-high.png,82514,b52c860ea6fd8e00d003dc5b25d5ff3c129bf5424b53a6f91a45162afad5383b,project_code,D:\dev\ECR Capital Management\Book2\repo\examples\Chapter 4\Correlation and Tail Risk in CLO Tranches
project_code,code/examples/Chapter 4/Correlation and Tail Risk in CLO Tranches/python/rendered-sample/clo-collateral-loss-cdf-low-vs-high.svg,D:\dev\ECR Capital Management\Book2\repo\examples\Chapter 4\Correlation and Tail Risk in CLO Tranches\python\rendered-sample\clo-collateral-loss-cdf-low-vs-high.svg,92619,b34b6899090089f6e8f48df984afc0e57c906f2d5b76e2a1b021a49352eb0bf6,project_code,D:\dev\ECR Capital Management\Book2\repo\examples\Chapter 4\Correlation and Tail Risk in CLO Tranches
project_code,code/examples/Chapter 4/Correlation and Tail Risk in CLO Tranches/python/rendered-sample/clo-equity-loss-cdf-low-vs-high.png,D:\dev\ECR Capital Management\Book2\repo\examples\Chapter 4\Correlation and Tail Risk in CLO Tranches\python\rendered-sample\clo-equity-loss-cdf-low-vs-high.png,93647,8e391a5cd585247ed82181e6cd2e0805eb3450fd5490c6a5a987351fb3f828bd,project_code,D:\dev\ECR Capital Management\Book2\repo\examples\Chapter 4\Correlation and Tail Risk in CLO Tranches
project_code,code/examples/Chapter 4/Correlation and Tail Risk in CLO Tranches/python/rendered-sample/clo-equity-loss-cdf-low-vs-high.svg,D:\dev\ECR Capital Management\Book2\repo\examples\Chapter 4\Correlation and Tail Risk in CLO Tranches\python\rendered-sample\clo-equity-loss-cdf-low-vs-high.svg,150247,0286ccca51cb7462687c715d360a8bd4ead4e7767f4b2a88e328b42e63db2cf7,project_code,D:\dev\ECR Capital Management\Book2\repo\examples\Chapter 4\Correlation and Tail Risk in CLO Tranches
project_code,code/examples/Chapter 4/Correlation and Tail Risk in CLO Tranches/python/rendered-sample/clo-loss-compensation-spread-low-vs-high.png,D:\dev\ECR Capital Management\Book2\repo\examples\Chapter 4\Correlation and Tail Risk in CLO Tranches\python\rendered-sample\clo-loss-compensation-spread-low-vs-high.png,110042,1295c2021c068c9c58adb04c0b8907fb7f21587ab4d8178cc4daaae8f9c41929,project_code,D:\dev\ECR Capital Management\Book2\repo\examples\Chapter 4\Correlation and Tail Risk in CLO Tranches
project_code,code/examples/Chapter 4/Correlation and Tail Risk in CLO Tranches/python/rendered-sample/clo-loss-compensation-spread-low-vs-high.svg,D:\dev\ECR Capital Management\Book2\repo\examples\Chapter 4\Correlation and Tail Risk in CLO Tranches\python\rendered-sample\clo-loss-compensation-spread-low-vs-high.svg,50380,2650d52c0ff7401f8c51cbcac6cf00ea843a6b65bfbb6e99ffe9c8f2925397d8,project_code,D:\dev\ECR Capital Management\Book2\repo\examples\Chapter 4\Correlation and Tail Risk in CLO Tranches
project_code,code/examples/Chapter 4/Correlation and Tail Risk in CLO Tranches/python/rendered-sample/clo-mezzanine-loss-cdf-low-vs-high.png,D:\dev\ECR Capital Management\Book2\repo\examples\Chapter 4\Correlation and Tail Risk in CLO Tranches\python\rendered-sample\clo-mezzanine-loss-cdf-low-vs-high.png,103253,75ee38fb644985944a4470c56b79e3343dd0de5b98201025c1afea4c4ea7af6e,project_code,D:\dev\ECR Capital Management\Book2\repo\examples\Chapter 4\Correlation and Tail Risk in CLO Tranches
project_code,code/examples/Chapter 4/Correlation and Tail Risk in CLO Tranches/python/rendered-sample/clo-mezzanine-loss-cdf-low-vs-high.svg,D:\dev\ECR Capital Management\Book2\repo\examples\Chapter 4\Correlation and Tail Risk in CLO Tranches\python\rendered-sample\clo-mezzanine-loss-cdf-low-vs-high.svg,90153,9562067c35a73545b1ff05d345b266c94a51a021ff4de2b77cc40c4b73a2af56,project_code,D:\dev\ECR Capital Management\Book2\repo\examples\Chapter 4\Correlation and Tail Risk in CLO Tranches
project_code,code/examples/Chapter 4/Correlation and Tail Risk in CLO Tranches/python/rendered-sample/clo-observed-cohort-panel.csv,D:\dev\ECR Capital Management\Book2\repo\examples\Chapter 4\Correlation and Tail Risk in CLO Tranches\python\rendered-sample\clo-observed-cohort-panel.csv,5636,d4e5b73b559d4ab5fc72840f3058bbcddf7975e1cffa0aefacd3967dafe04a4c,project_code,D:\dev\ECR Capital Management\Book2\repo\examples\Chapter 4\Correlation and Tail Risk in CLO Tranches
project_code,code/examples/Chapter 4/Correlation and Tail Risk in CLO Tranches/python/rendered-sample/clo-payoff-map.png,D:\dev\ECR Capital Management\Book2\repo\examples\Chapter 4\Correlation and Tail Risk in CLO Tranches\python\rendered-sample\clo-payoff-map.png,124783,c2126e2ba13544c8db25ef12b0f4c58a37baca3c0d2ce06524e9c328eb396de0,project_code,D:\dev\ECR Capital Management\Book2\repo\examples\Chapter 4\Correlation and Tail Risk in CLO Tranches
project_code,code/examples/Chapter 4/Correlation and Tail Risk in CLO Tranches/python/rendered-sample/clo-payoff-map.svg,D:\dev\ECR Capital Management\Book2\repo\examples\Chapter 4\Correlation and Tail Risk in CLO Tranches\python\rendered-sample\clo-payoff-map.svg,43682,c4bec484210d1b532d71325d394fc5d821194780893e01be16990836debe88c4,project_code,D:\dev\ECR Capital Management\Book2\repo\examples\Chapter 4\Correlation and Tail Risk in CLO Tranches
project_code,code/examples/Chapter 4/Correlation and Tail Risk in CLO Tranches/python/rendered-sample/clo-rho-calibration-fit.png,D:\dev\ECR Capital Management\Book2\repo\examples\Chapter 4\Correlation and Tail Risk in CLO Tranches\python\rendered-sample\clo-rho-calibration-fit.png,88674,b40ea2ca14348086cd9f6fb2b3fd75688f8c9524cba50fdf11c8115b70df627b,project_code,D:\dev\ECR Capital Management\Book2\repo\examples\Chapter 4\Correlation and Tail Risk in CLO Tranches
project_code,code/examples/Chapter 4/Correlation and Tail Risk in CLO Tranches/python/rendered-sample/clo-rho-calibration-fit.svg,D:\dev\ECR Capital Management\Book2\repo\examples\Chapter 4\Correlation and Tail Risk in CLO Tranches\python\rendered-sample\clo-rho-calibration-fit.svg,46115,0923638c69b76dae310019109bd75d01a8816bd57d45e31f1a47587312d39702,project_code,D:\dev\ECR Capital Management\Book2\repo\examples\Chapter 4\Correlation and Tail Risk in CLO Tranches
project_code,code/examples/Chapter 4/Correlation and Tail Risk in CLO Tranches/python/rendered-sample/clo-rho-calibration-grid.csv,D:\dev\ECR Capital Management\Book2\repo\examples\Chapter 4\Correlation and Tail Risk in CLO Tranches\python\rendered-sample\clo-rho-calibration-grid.csv,7544,6e9aac24007733286994a86b73bb7aa118fa9c2d9e9ce89f8ed4c45ac6ef4197,project_code,D:\dev\ECR Capital Management\Book2\repo\examples\Chapter 4\Correlation and Tail Risk in CLO Tranches
project_code,code/examples/Chapter 4/Correlation and Tail Risk in CLO Tranches/python/rendered-sample/clo-rho-calibration-objective.png,D:\dev\ECR Capital Management\Book2\repo\examples\Chapter 4\Correlation and Tail Risk in CLO Tranches\python\rendered-sample\clo-rho-calibration-objective.png,87908,85770a42ba8fdb80c6ebc49fb3278489658b134d346b94d751b88ac1647b9705,project_code,D:\dev\ECR Capital Management\Book2\repo\examples\Chapter 4\Correlation and Tail Risk in CLO Tranches
project_code,code/examples/Chapter 4/Correlation and Tail Risk in CLO Tranches/python/rendered-sample/clo-rho-calibration-objective.svg,D:\dev\ECR Capital Management\Book2\repo\examples\Chapter 4\Correlation and Tail Risk in CLO Tranches\python\rendered-sample\clo-rho-calibration-objective.svg,39446,c7d2eab83383af57e8db2f62fe425530a5c893084ea99be7d9fe73d08a1193cb,project_code,D:\dev\ECR Capital Management\Book2\repo\examples\Chapter 4\Correlation and Tail Risk in CLO Tranches
project_code,code/examples/Chapter 4/Correlation and Tail Risk in CLO Tranches/python/rendered-sample/clo-rho-scenarios.csv,D:\dev\ECR Capital Management\Book2\repo\examples\Chapter 4\Correlation and Tail Risk in CLO Tranches\python\rendered-sample\clo-rho-scenarios.csv,402,6b0647117841d0a030c0ff76d6abbcc2d8c6e9aef8df5d7e72ec4c0081298b6e,project_code,D:\dev\ECR Capital Management\Book2\repo\examples\Chapter 4\Correlation and Tail Risk in CLO Tranches
project_code,code/examples/Chapter 4/Correlation and Tail Risk in CLO Tranches/python/rendered-sample/clo-run-metadata.json,D:\dev\ECR Capital Management\Book2\repo\examples\Chapter 4\Correlation and Tail Risk in CLO Tranches\python\rendered-sample\clo-run-metadata.json,2813,9940581948d26e2f0f32c11393e3f7c042d8102f4fd7aa3a9e7234e0fc741587,project_code,D:\dev\ECR Capital Management\Book2\repo\examples\Chapter 4\Correlation and Tail Risk in CLO Tranches
project_code,code/examples/Chapter 4/Correlation and Tail Risk in CLO Tranches/python/rendered-sample/clo-senior-loss-cdf-low-vs-high.png,D:\dev\ECR Capital Management\Book2\repo\examples\Chapter 4\Correlation and Tail Risk in CLO Tranches\python\rendered-sample\clo-senior-loss-cdf-low-vs-high.png,85802,4717705ad5f71488619a2f9ba76698cc93c0e7b4f86dea83f032f4bf2f876048,project_code,D:\dev\ECR Capital Management\Book2\repo\examples\Chapter 4\Correlation and Tail Risk in CLO Tranches
project_code,code/examples/Chapter 4/Correlation and Tail Risk in CLO Tranches/python/rendered-sample/clo-senior-loss-cdf-low-vs-high.svg,D:\dev\ECR Capital Management\Book2\repo\examples\Chapter 4\Correlation and Tail Risk in CLO Tranches\python\rendered-sample\clo-senior-loss-cdf-low-vs-high.svg,62618,6429553298c6f6f275742e1dc8a859007a9cfa50c57d807fc217459f79710522,project_code,D:\dev\ECR Capital Management\Book2\repo\examples\Chapter 4\Correlation and Tail Risk in CLO Tranches
project_code,code/examples/Chapter 4/Correlation and Tail Risk in CLO Tranches/python/rendered-sample/clo-tranche-summary-metrics.csv,D:\dev\ECR Capital Management\Book2\repo\examples\Chapter 4\Correlation and Tail Risk in CLO Tranches\python\rendered-sample\clo-tranche-summary-metrics.csv,552,492ee78b14be1ad8d787e2cee5c7540dabe38b6fbaaf8850dd483aa74a17ea3e,project_code,D:\dev\ECR Capital Management\Book2\repo\examples\Chapter 4\Correlation and Tail Risk in CLO Tranches
project_code,code/examples/Chapter 4/Correlation and Tail Risk in CLO Tranches/python/rendered-sample/clo-tranche-tail-metrics-low-vs-high.png,D:\dev\ECR Capital Management\Book2\repo\examples\Chapter 4\Correlation and Tail Risk in CLO Tranches\python\rendered-sample\clo-tranche-tail-metrics-low-vs-high.png,143714,384297135f6f0606643da7d45a7cf85983726eff8141cef18b2860dfd9cc1f71,project_code,D:\dev\ECR Capital Management\Book2\repo\examples\Chapter 4\Correlation and Tail Risk in CLO Tranches
project_code,code/examples/Chapter 4/Correlation and Tail Risk in CLO Tranches/python/rendered-sample/clo-tranche-tail-metrics-low-vs-high.svg,D:\dev\ECR Capital Management\Book2\repo\examples\Chapter 4\Correlation and Tail Risk in CLO Tranches\python\rendered-sample\clo-tranche-tail-metrics-low-vs-high.svg,58876,736b6df6ffc62ca51fc104265d7b6093dbcbddf707851043e7df386eb1ca6707,project_code,D:\dev\ECR Capital Management\Book2\repo\examples\Chapter 4\Correlation and Tail Risk in CLO Tranches
project_code,code/examples/Chapter 4/Correlation and Tail Risk in CLO Tranches/python/rendered-sample/clo-trigger-frequencies-low-vs-high.png,D:\dev\ECR Capital Management\Book2\repo\examples\Chapter 4\Correlation and Tail Risk in CLO Tranches\python\rendered-sample\clo-trigger-frequencies-low-vs-high.png,67318,6fb2b26159f4ed4bdf25fdfb1207ce41e8fb29e014aaee2a744d67f5b6f0abd8,project_code,D:\dev\ECR Capital Management\Book2\repo\examples\Chapter 4\Correlation and Tail Risk in CLO Tranches
project_code,code/examples/Chapter 4/Correlation and Tail Risk in CLO Tranches/python/rendered-sample/clo-trigger-frequencies-low-vs-high.svg,D:\dev\ECR Capital Management\Book2\repo\examples\Chapter 4\Correlation and Tail Risk in CLO Tranches\python\rendered-sample\clo-trigger-frequencies-low-vs-high.svg,37263,8241938e6a4dd4a8794acd75bfdcb51dbc514bba5303368a5d3f3653803682f9,project_code,D:\dev\ECR Capital Management\Book2\repo\examples\Chapter 4\Correlation and Tail Risk in CLO Tranches
project_code,code/examples/Chapter 4/Correlation and Tail Risk in CLO Tranches/python/stage_actual_clo_contract.py,D:\dev\ECR Capital Management\Book2\repo\examples\Chapter 4\Correlation and Tail Risk in CLO Tranches\python\stage_actual_clo_contract.py,20736,370d6c48106c2738d7a997532c4dbb962e189e6ffe50323742377769740cd249,project_code,D:\dev\ECR Capital Management\Book2\repo\examples\Chapter 4\Correlation and Tail Risk in CLO Tranches
project_code,code/examples/Chapter 4/Correlation and Tail Risk in CLO Tranches/python/test_clo_smoke.py,D:\dev\ECR Capital Management\Book2\repo\examples\Chapter 4\Correlation and Tail Risk in CLO Tranches\python\test_clo_smoke.py,31591,e6b238a201b3b3a04fd9d80b95c8e80612b5fd0e6778ee2ff7e70efa613da933,project_code,D:\dev\ECR Capital Management\Book2\repo\examples\Chapter 4\Correlation and Tail Risk in CLO Tranches
project_code,code/examples/Chapter 4/Correlation and Tail Risk in CLO Tranches/r/CLO.R,D:\dev\ECR Capital Management\Book2\repo\examples\Chapter 4\Correlation and Tail Risk in CLO Tranches\r\CLO.R,16129,54aef3a8ac75395ed0e2404bf0120a388ddc47f71e61efd7697e900644ec91ed,project_code,D:\dev\ECR Capital Management\Book2\repo\examples\Chapter 4\Correlation and Tail Risk in CLO Tranches
project_code,code/examples/Chapter 4/Correlation and Tail Risk in CLO Tranches/r/CLO.Rmd,D:\dev\ECR Capital Management\Book2\repo\examples\Chapter 4\Correlation and Tail Risk in CLO Tranches\r\CLO.Rmd,1457,e5a9f4260c0b8f89dc515be03900fd4c3a5c54378f8732ec31a177de5fa3d343,project_code,D:\dev\ECR Capital Management\Book2\repo\examples\Chapter 4\Correlation and Tail Risk in CLO Tranches
project_code,code/examples/Chapter 4/Correlation and Tail Risk in CLO Tranches/r/README.md,D:\dev\ECR Capital Management\Book2\repo\examples\Chapter 4\Correlation and Tail Risk in CLO Tranches\r\README.md,673,24fe4398e753f3e0112a6cf64e6a67c82a9a424296ebd3158e9d934d5305a859,project_code,D:\dev\ECR Capital Management\Book2\repo\examples\Chapter 4\Correlation and Tail Risk in CLO Tranches
project_code,code/examples/Chapter 4/Correlation and Tail Risk in CLO Tranches/README.md,D:\dev\ECR Capital Management\Book2\repo\examples\Chapter 4\Correlation and Tail Risk in CLO Tranches\README.md,3180,03ff7526287344e6cf019f863bc87d7102494467f3bc4069ce4398be428fd0c8,project_code,D:\dev\ECR Capital Management\Book2\repo\examples\Chapter 4\Correlation and Tail Risk in CLO Tranches
project_code,code/examples/Chapter 4/Correlation and Tail Risk in CLO Tranches/run_example.py,D:\dev\ECR Capital Management\Book2\repo\examples\Chapter 4\Correlation and Tail Risk in CLO Tranches\run_example.py,1217,ef498b25afd7fa1be71d5d21890399efa75d6afb7cb7c9ebda8fea576300bed2,project_code,D:\dev\ECR Capital Management\Book2\repo\examples\Chapter 4\Correlation and Tail Risk in CLO Tranches
shared_repo,shared/README.md,D:\dev\ECR Capital Management\Book2\repo\README.md,2871,0c4ace37608d4864c70d12ffc08b1bcf0f1ffd989cb4fbb2e4ef1951409b89e1,shared_repo,D:\dev\ECR Capital Management\Book2\repo\README.md
shared_repo,shared/AGENTS.md,D:\dev\ECR Capital Management\Book2\repo\AGENTS.md,3335,df114df014ad5b0c4eabfa084451124663f6b9341c33aa037df8cdaf5bdf5a93,shared_repo,D:\dev\ECR Capital Management\Book2\repo\AGENTS.md
shared_repo,shared/registry/chapters.yml,D:\dev\ECR Capital Management\Book2\repo\registry\chapters.yml,22688,02c55ad61d37bce42467e8a291fe538bc4549d5f80ee656baccac846a3812261,shared_repo,D:\dev\ECR Capital Management\Book2\repo\registry
shared_repo,shared/registry/dependencies.yml,D:\dev\ECR Capital Management\Book2\repo\registry\dependencies.yml,11927,e7fa45c925ab79792f04a34d528a723ae2310994bf5ae8c72bf94dabc5435ff1,shared_repo,D:\dev\ECR Capital Management\Book2\repo\registry
shared_repo,shared/registry/example_paths.yml,D:\dev\ECR Capital Management\Book2\repo\registry\example_paths.yml,17750,7734d2690a91df457f0d04f845079cad91968e2606ae20981b0e7a1f2802e5aa,shared_repo,D:\dev\ECR Capital Management\Book2\repo\registry
shared_repo,shared/registry/l4_code_appendix_rules.yml,D:\dev\ECR Capital Management\Book2\repo\registry\l4_code_appendix_rules.yml,963,9ea3cb72e392d41c60066d0726d24db5e6f76ed578bd40798465242381151f9c,shared_repo,D:\dev\ECR Capital Management\Book2\repo\registry
shared_repo,shared/registry/modules.yml,D:\dev\ECR Capital Management\Book2\repo\registry\modules.yml,9133,f9b649357a62f88732f7a8742c234cb4aa6e9d6b8348c1bae32c52e2060f0210,shared_repo,D:\dev\ECR Capital Management\Book2\repo\registry
shared_repo,shared/registry/release_tracks.yml,D:\dev\ECR Capital Management\Book2\repo\registry\release_tracks.yml,1102,be3f383708f1ba11a46a456d2eb5c5f6d1169a0e4f59e200d5db4bbb2f22322a,shared_repo,D:\dev\ECR Capital Management\Book2\repo\registry
shared_repo,shared/registry/sources.yml,D:\dev\ECR Capital Management\Book2\repo\registry\sources.yml,8341,131a14bf0cca890a9ce6d192e7ece2f67579d8747d0d26ed044fca0540173b65,shared_repo,D:\dev\ECR Capital Management\Book2\repo\registry
shared_repo,shared/registry/tables.yml,D:\dev\ECR Capital Management\Book2\repo\registry\tables.yml,9896,bf651cb0776e2f7dc34d48fc13a3ddae773a630fc6793d019a8cac3dcdfa9cd3,shared_repo,D:\dev\ECR Capital Management\Book2\repo\registry
shared_repo,shared/packages/python/book2_public/__init__.py,D:\dev\ECR Capital Management\Book2\repo\packages\python\book2_public\__init__.py,415,13b268de4f5574424784f93901dfbe34085e189c17bcfdd68ff8948901a58a7f,shared_repo,D:\dev\ECR Capital Management\Book2\repo\packages
shared_repo,shared/packages/python/book2_public/options_implied_ceasefire.py,D:\dev\ECR Capital Management\Book2\repo\packages\python\book2_public\options_implied_ceasefire.py,11809,f48da84ff2249237b981b7c828586458a05f819e9b3b34b5165c3af8a8ba3c48,shared_repo,D:\dev\ECR Capital Management\Book2\repo\packages
shared_repo,shared/packages/python/book2_public/options_implied_ceasefire_workflow.py,D:\dev\ECR Capital Management\Book2\repo\packages\python\book2_public\options_implied_ceasefire_workflow.py,18385,4964903c56e349804b523e14e89531400c91a10aaf27519fff57cd875b0bfdd2,shared_repo,D:\dev\ECR Capital Management\Book2\repo\packages
shared_repo,shared/packages/python/README.md,D:\dev\ECR Capital Management\Book2\repo\packages\python\README.md,243,b87f8b636a2b037ab84a81ff2facd2958458a2195fe05d147ba08fd6ff17e72d,shared_repo,D:\dev\ECR Capital Management\Book2\repo\packages
shared_repo,shared/packages/README.md,D:\dev\ECR Capital Management\Book2\repo\packages\README.md,330,ade36fafadd27e388094133e4b7d26ddb48409b9a263e3e4200bd7229d80b6e3,shared_repo,D:\dev\ECR Capital Management\Book2\repo\packages
shared_repo,shared/adapters/canonical/README.md,D:\dev\ECR Capital Management\Book2\repo\adapters\canonical\README.md,121,2fcf3411fde0e77f9e72f4ad6c697b621d31e02be7125da41918044bd07fc8b8,shared_repo,D:\dev\ECR Capital Management\Book2\repo\adapters
shared_repo,shared/adapters/README.md,D:\dev\ECR Capital Management\Book2\repo\adapters\README.md,324,1287e4f5dcaf323e338b3ad8ad0326b1b467940636350b9c7262e8dcaa4bb175,shared_repo,D:\dev\ECR Capital Management\Book2\repo\adapters
shared_repo,shared/adapters/vendor_compatible/README.md,D:\dev\ECR Capital Management\Book2\repo\adapters\vendor_compatible\README.md,171,131fc00dd06fd1210b67ddcccb18880099555bb84502ae454fa5630610c50c15,shared_repo,D:\dev\ECR Capital Management\Book2\repo\adapters
shared_repo,shared/scripts/README.md,D:\dev\ECR Capital Management\Book2\repo\scripts\README.md,327,86a5478904096859d6aae8cfe5e80921b08ca5f28aa13ef3a14f55e917cf094d,shared_repo,D:\dev\ECR Capital Management\Book2\repo\scripts
project_code,code/examples/Chapter 4/Correlation and Tail Risk in CLO Tranches/python/rendered-sample/clo-collateral-model-price-vs-market.png,D:\dev\ECR Capital Management\Book2\repo\examples\Chapter 4\Correlation and Tail Risk in CLO Tranches\python\rendered-sample\clo-collateral-model-price-vs-market.png,191520,7ca7fa6ba9a3b6241080fadab98d373bce0630986b389c37a2b4d49aa24a4785,project_code_added_after_packet,D:\dev\ECR Capital Management\Book2\repo\examples\Chapter 4\Correlation and Tail Risk in CLO Tranches
project_code,code/examples/Chapter 4/Correlation and Tail Risk in CLO Tranches/python/rendered-sample/clo-collateral-model-price-vs-market.svg,D:\dev\ECR Capital Management\Book2\repo\examples\Chapter 4\Correlation and Tail Risk in CLO Tranches\python\rendered-sample\clo-collateral-model-price-vs-market.svg,330133,bfe2cc8645e270338f8304162e732c2411031e38ca9dacc04e8c8ed6299522b4,project_code_added_after_packet,D:\dev\ECR Capital Management\Book2\repo\examples\Chapter 4\Correlation and Tail Risk in CLO Tranches
project_code,code/examples/Chapter 4/Correlation and Tail Risk in CLO Tranches/python/rendered-sample/clo-collateral-nav-distribution-low-vs-high.png,D:\dev\ECR Capital Management\Book2\repo\examples\Chapter 4\Correlation and Tail Risk in CLO Tranches\python\rendered-sample\clo-collateral-nav-distribution-low-vs-high.png,90673,78c40eacd4ac7e0c35cb36dd95f286d8780a92919f15d5890c4f19b7b0a616f2,project_code_added_after_packet,D:\dev\ECR Capital Management\Book2\repo\examples\Chapter 4\Correlation and Tail Risk in CLO Tranches
project_code,code/examples/Chapter 4/Correlation and Tail Risk in CLO Tranches/python/rendered-sample/clo-collateral-nav-distribution-low-vs-high.svg,D:\dev\ECR Capital Management\Book2\repo\examples\Chapter 4\Correlation and Tail Risk in CLO Tranches\python\rendered-sample\clo-collateral-nav-distribution-low-vs-high.svg,50716,839dc76976b9f860479c6cccdc9644109d108262e6f542e94cf32cc5ea1d0ffb,project_code_added_after_packet,D:\dev\ECR Capital Management\Book2\repo\examples\Chapter 4\Correlation and Tail Risk in CLO Tranches
project_code,code/examples/Chapter 4/Correlation and Tail Risk in CLO Tranches/python/rendered-sample/clo-collateral-valuation-summary.csv,D:\dev\ECR Capital Management\Book2\repo\examples\Chapter 4\Correlation and Tail Risk in CLO Tranches\python\rendered-sample\clo-collateral-valuation-summary.csv,284,f967d00a3987566362b09a57e9535b0e89ccd713e4db8988acf49c21e5ca62c0,project_code_added_after_packet,D:\dev\ECR Capital Management\Book2\repo\examples\Chapter 4\Correlation and Tail Risk in CLO Tranches
project_code,code/examples/Chapter 4/Correlation and Tail Risk in CLO Tranches/python/rendered-sample/clo-collateral-valuation-table.csv,D:\dev\ECR Capital Management\Book2\repo\examples\Chapter 4\Correlation and Tail Risk in CLO Tranches\python\rendered-sample\clo-collateral-valuation-table.csv,122978,9faadb0df455e2eb2e92bb43e927eab1e88697590bebdcd1b001c3c44a9538d9,project_code_added_after_packet,D:\dev\ECR Capital Management\Book2\repo\examples\Chapter 4\Correlation and Tail Risk in CLO Tranches
project_code,code/examples/Chapter 4/Correlation and Tail Risk in CLO Tranches/python/rendered-sample/clo-collateral-value-by-rating.png,D:\dev\ECR Capital Management\Book2\repo\examples\Chapter 4\Correlation and Tail Risk in CLO Tranches\python\rendered-sample\clo-collateral-value-by-rating.png,62297,ca9dad0293cd7b552d315d0954e2cfe5bcc1d58ab4c68a45667d00fabb49ec46,project_code_added_after_packet,D:\dev\ECR Capital Management\Book2\repo\examples\Chapter 4\Correlation and Tail Risk in CLO Tranches
project_code,code/examples/Chapter 4/Correlation and Tail Risk in CLO Tranches/python/rendered-sample/clo-collateral-value-by-rating.svg,D:\dev\ECR Capital Management\Book2\repo\examples\Chapter 4\Correlation and Tail Risk in CLO Tranches\python\rendered-sample\clo-collateral-value-by-rating.svg,34597,ec27d1983174d88b36f77c925f8adf5d87410711ccf1b89fbe72050927586581,project_code_added_after_packet,D:\dev\ECR Capital Management\Book2\repo\examples\Chapter 4\Correlation and Tail Risk in CLO Tranches
project_code,code/examples/Chapter 4/Correlation and Tail Risk in CLO Tranches/python/rendered-sample/clo-monte-carlo-diagnostics.csv,D:\dev\ECR Capital Management\Book2\repo\examples\Chapter 4\Correlation and Tail Risk in CLO Tranches\python\rendered-sample\clo-monte-carlo-diagnostics.csv,616,db953c807df4a4e3a05f70ed74d7b387a1d1222e45465b6ac6911847289eebcf,project_code_added_after_packet,D:\dev\ECR Capital Management\Book2\repo\examples\Chapter 4\Correlation and Tail Risk in CLO Tranches
project_code,code/examples/Chapter 4/Correlation and Tail Risk in CLO Tranches/python/rendered-sample/clo-validation-checks.csv,D:\dev\ECR Capital Management\Book2\repo\examples\Chapter 4\Correlation and Tail Risk in CLO Tranches\python\rendered-sample\clo-validation-checks.csv,455,14e968b579eaa37e14fed3e6a19f36477c55d83a27dba676340cd3f48cbbef4f,project_code_added_after_packet,D:\dev\ECR Capital Management\Book2\repo\examples\Chapter 4\Correlation and Tail Risk in CLO Tranches
